Alpine Newt.png,Alpine_Newt_(Ichthy.png,https://github.com/boobalootoo/CARDDECKDONOTEDIT/blob/main/Alpine%20Newt.png,https://github.com/boobalootoo/8BITGALLERY2/blob/main/Alpine_Newt_(Ichthy.png
American mink.png,American mink.png,https://github.com/boobalootoo/CARDDECKDONOTEDIT/blob/main/American%20mink.png,https://github.com/boobalootoo/8BITGALLERY2/blob/main/American%20mink.png
Balearic Shearwater.png,Balearic_shea.png,https://github.com/boobalootoo/CARDDECKDONOTEDIT/blob/main/Balearic%20Shearwater.png,https://github.com/boobalootoo/8BITGALLERY2/blob/main/Balearic_shea.png
Banded Demoiselle.png,Banded_Demoiselle_(C.png,https://github.com/boobalootoo/CARDDECKDONOTEDIT/blob/main/Banded%20Demoiselle.png,https://github.com/boobalootoo/8BITGALLERY2/blob/main/Banded_Demoiselle_(C.png
bank vole.png,bank vole.png,https://github.com/boobalootoo/CARDDECKDONOTEDIT/blob/main/bank%20vole.png,https://github.com/boobalootoo/8BITGALLERY2/blob/main/bank%20vole.png
barbastelle bat.png,barbastelle bat.png,https://github.com/boobalootoo/CARDDECKDONOTEDIT/blob/main/barbastelle%20bat.png,https://github.com/boobalootoo/8BITGALLERY2/blob/main/barbastelle%20bat.png
Barn Owl.png,barn_owl_(Tyt.png,https://github.com/boobalootoo/CARDDECKDONOTEDIT/blob/main/Barn%20Owl.png,https://github.com/boobalootoo/8BITGALLERY2/blob/main/barn_owl_(Tyt.png
bat.png,bat.png,https://github.com/boobalootoo/CARDDECKDONOTEDIT/blob/main/bat.png,https://github.com/boobalootoo/8BITGALLERY2/blob/main/bat.png
Bearded Tit.png,bearded_tit_(.png,https://github.com/boobalootoo/CARDDECKDONOTEDIT/blob/main/Bearded%20Tit.png,https://github.com/boobalootoo/8BITGALLERY2/blob/main/bearded_tit_(.png
Beautiful Demoiselle.png,Beautiful_Demoiselle.png,https://github.com/boobalootoo/CARDDECKDONOTEDIT/blob/main/Beautiful%20Demoiselle.png,https://github.com/boobalootoo/8BITGALLERY2/blob/main/Beautiful_Demoiselle.png
Betony.png,Betonica officinalis.png,https://github.com/boobalootoo/CARDDECKDONOTEDIT/blob/main/Betony.png,https://github.com/boobalootoo/8BITGALLERY2/blob/main/Betonica%20officinalis.png
Bird’s-foot Trefoil.png,Lotus corniculatus.png,https://github.com/boobalootoo/CARDDECKDONOTEDIT/blob/main/Bird%E2%80%99s-foot%20Trefoil.png,https://github.com/boobalootoo/8BITGALLERY2/blob/main/Lotus%20corniculatus.png
"bison, genus.png","bison, genus.png",https://github.com/boobalootoo/CARDDECKDONOTEDIT/blob/main/bison%2C%20genus.png,https://github.com/boobalootoo/8BITGALLERY2/blob/main/bison%2C%20genus.png
Black Guillemot.png,black_guillem.png,https://github.com/boobalootoo/CARDDECKDONOTEDIT/blob/main/Black%20Guillemot.png,https://github.com/boobalootoo/8BITGALLERY2/blob/main/black_guillem.png
black rat.png,black rat.png,https://github.com/boobalootoo/CARDDECKDONOTEDIT/blob/main/black%20rat.png,https://github.com/boobalootoo/8BITGALLERY2/blob/main/black%20rat.png
Black Redstart.png,black_redstar.png,https://github.com/boobalootoo/CARDDECKDONOTEDIT/blob/main/Black%20Redstart.png,https://github.com/boobalootoo/8BITGALLERY2/blob/main/black_redstar.png
Black-headed Gull.png,black-headed_.png,https://github.com/boobalootoo/CARDDECKDONOTEDIT/blob/main/Black-headed%20Gull.png,https://github.com/boobalootoo/8BITGALLERY2/blob/main/black-headed_.png
Black-throated Thrush.png,black-throate.png,https://github.com/boobalootoo/CARDDECKDONOTEDIT/blob/main/Black-throated%20Thrush.png,https://github.com/boobalootoo/8BITGALLERY2/blob/main/black-throate.png
Blackcap.png,blackcap_(Syl.png,https://github.com/boobalootoo/CARDDECKDONOTEDIT/blob/main/Blackcap.png,https://github.com/boobalootoo/8BITGALLERY2/blob/main/blackcap_(Syl.png
Blackthorn.png,Prunus spinosa.png,https://github.com/boobalootoo/CARDDECKDONOTEDIT/blob/main/Blackthorn.png,https://github.com/boobalootoo/8BITGALLERY2/blob/main/Prunus%20spinosa.png
Blue Tit.png,blue_tit_(Cya.png,https://github.com/boobalootoo/CARDDECKDONOTEDIT/blob/main/Blue%20Tit.png,https://github.com/boobalootoo/8BITGALLERY2/blob/main/blue_tit_(Cya.png
Bluebell.png,Hyacinthoides non-scripta.png,https://github.com/boobalootoo/CARDDECKDONOTEDIT/blob/main/Bluebell.png,https://github.com/boobalootoo/8BITGALLERY2/blob/main/Hyacinthoides%20non-scripta.png
bottlenose dolphin.png,bottlenose dolphin.png,https://github.com/boobalootoo/CARDDECKDONOTEDIT/blob/main/bottlenose%20dolphin.png,https://github.com/boobalootoo/8BITGALLERY2/blob/main/bottlenose%20dolphin.png
Brambling.png,brambling_(Fr.png,https://github.com/boobalootoo/CARDDECKDONOTEDIT/blob/main/Brambling.png,https://github.com/boobalootoo/8BITGALLERY2/blob/main/brambling_(Fr.png
Broad-bodied Chaser.png,Broad-bodied_Chaser_.png,https://github.com/boobalootoo/CARDDECKDONOTEDIT/blob/main/Broad-bodied%20Chaser.png,https://github.com/boobalootoo/8BITGALLERY2/blob/main/Broad-bodied_Chaser_.png
Broom.png,Cytisus scoparius.png,https://github.com/boobalootoo/CARDDECKDONOTEDIT/blob/main/Broom.png,https://github.com/boobalootoo/8BITGALLERY2/blob/main/Cytisus%20scoparius.png
brown long-eared bat.png,brown long-eared bat.png,https://github.com/boobalootoo/CARDDECKDONOTEDIT/blob/main/brown%20long-eared%20bat.png,https://github.com/boobalootoo/8BITGALLERY2/blob/main/brown%20long-eared%20bat.png
brown rat.png,brown rat.png,https://github.com/boobalootoo/CARDDECKDONOTEDIT/blob/main/brown%20rat.png,https://github.com/boobalootoo/8BITGALLERY2/blob/main/brown%20rat.png
Buff-tailed Bumblebee.png,Buff-tailed_Bumblebe.png,https://github.com/boobalootoo/CARDDECKDONOTEDIT/blob/main/Buff-tailed%20Bumblebee.png,https://github.com/boobalootoo/8BITGALLERY2/blob/main/Buff-tailed_Bumblebe.png
Bugle.png,Ajuga reptans.png,https://github.com/boobalootoo/CARDDECKDONOTEDIT/blob/main/Bugle.png,https://github.com/boobalootoo/8BITGALLERY2/blob/main/Ajuga%20reptans.png
Carrion Crow.png,carrion_crow_.png,https://github.com/boobalootoo/CARDDECKDONOTEDIT/blob/main/Carrion%20Crow.png,https://github.com/boobalootoo/8BITGALLERY2/blob/main/carrion_crow_.png
Cat’s-ear.png,Hypochaeris radicata.png,https://github.com/boobalootoo/CARDDECKDONOTEDIT/blob/main/Cat%E2%80%99s-ear.png,https://github.com/boobalootoo/8BITGALLERY2/blob/main/Hypochaeris%20radicata.png
Cave Spider.png,Cave_Spider_(Meta_me.png,https://github.com/boobalootoo/CARDDECKDONOTEDIT/blob/main/Cave%20Spider.png,https://github.com/boobalootoo/8BITGALLERY2/blob/main/Cave_Spider_(Meta_me.png
Chaffinch.png,chaffinch_(Fr.png,https://github.com/boobalootoo/CARDDECKDONOTEDIT/blob/main/Chaffinch.png,https://github.com/boobalootoo/8BITGALLERY2/blob/main/chaffinch_(Fr.png
Chinese water deer.png,Chinese water deer.png,https://github.com/boobalootoo/CARDDECKDONOTEDIT/blob/main/Chinese%20water%20deer.png,https://github.com/boobalootoo/8BITGALLERY2/blob/main/Chinese%20water%20deer.png
Coal Tit.png,coal_tit_(Per.png,https://github.com/boobalootoo/CARDDECKDONOTEDIT/blob/main/Coal%20Tit.png,https://github.com/boobalootoo/8BITGALLERY2/blob/main/coal_tit_(Per.png
Collared Dove.png,collared_dove.png,https://github.com/boobalootoo/CARDDECKDONOTEDIT/blob/main/Collared%20Dove.png,https://github.com/boobalootoo/8BITGALLERY2/blob/main/collared_dove.png
Comma Butterfly.png,Comma_butterfly_(Pol.png,https://github.com/boobalootoo/CARDDECKDONOTEDIT/blob/main/Comma%20Butterfly.png,https://github.com/boobalootoo/8BITGALLERY2/blob/main/Comma_butterfly_(Pol.png
Common Bistort.png,Persicaria bistorta.png,https://github.com/boobalootoo/CARDDECKDONOTEDIT/blob/main/Common%20Bistort.png,https://github.com/boobalootoo/8BITGALLERY2/blob/main/Persicaria%20bistorta.png
Common Blackbird.png,common_blackb.png,https://github.com/boobalootoo/CARDDECKDONOTEDIT/blob/main/Common%20Blackbird.png,https://github.com/boobalootoo/8BITGALLERY2/blob/main/common_blackb.png
Common Blue Butterfly.png,Common_Blue_butterfl.png,https://github.com/boobalootoo/CARDDECKDONOTEDIT/blob/main/Common%20Blue%20Butterfly.png,https://github.com/boobalootoo/8BITGALLERY2/blob/main/Common_Blue_butterfl.png
Common Centaury.png,Centaurium erythraea.png,https://github.com/boobalootoo/CARDDECKDONOTEDIT/blob/main/Common%20Centaury.png,https://github.com/boobalootoo/8BITGALLERY2/blob/main/Centaurium%20erythraea.png
Common Chickweed.png,Stellaria media.png,https://github.com/boobalootoo/CARDDECKDONOTEDIT/blob/main/Common%20Chickweed.png,https://github.com/boobalootoo/8BITGALLERY2/blob/main/Stellaria%20media.png
Common Crab Spider.png,Common_Crab_Spider_(.png,https://github.com/boobalootoo/CARDDECKDONOTEDIT/blob/main/Common%20Crab%20Spider.png,https://github.com/boobalootoo/8BITGALLERY2/blob/main/Common_Crab_Spider_(.png
Common Crossbill.png,common_crossb.png,https://github.com/boobalootoo/CARDDECKDONOTEDIT/blob/main/Common%20Crossbill.png,https://github.com/boobalootoo/8BITGALLERY2/blob/main/common_crossb.png
Common Darter Dragonfly.png,Common_Darter_dragon.png,https://github.com/boobalootoo/CARDDECKDONOTEDIT/blob/main/Common%20Darter%20Dragonfly.png,https://github.com/boobalootoo/8BITGALLERY2/blob/main/Common_Darter_dragon.png
Common Dog Violet.png,Viola riviniana.png,https://github.com/boobalootoo/CARDDECKDONOTEDIT/blob/main/Common%20Dog%20Violet.png,https://github.com/boobalootoo/8BITGALLERY2/blob/main/Viola%20riviniana.png
common dolphin.png,common dolphin.png,https://github.com/boobalootoo/CARDDECKDONOTEDIT/blob/main/common%20dolphin.png,https://github.com/boobalootoo/8BITGALLERY2/blob/main/common%20dolphin.png
Common Fleabane.png,Pulicaria dysenterica.png,https://github.com/boobalootoo/CARDDECKDONOTEDIT/blob/main/Common%20Fleabane.png,https://github.com/boobalootoo/8BITGALLERY2/blob/main/Pulicaria%20dysenterica.png
Common Fox Spider.png,Common_Fox_Spider_(A.png,https://github.com/boobalootoo/CARDDECKDONOTEDIT/blob/main/Common%20Fox%20Spider.png,https://github.com/boobalootoo/8BITGALLERY2/blob/main/Common_Fox_Spider_(A.png
Common Frog.png,Common_Frog_(Rana_te.png,https://github.com/boobalootoo/CARDDECKDONOTEDIT/blob/main/Common%20Frog.png,https://github.com/boobalootoo/8BITGALLERY2/blob/main/Common_Frog_(Rana_te.png
Common Hawthorn.png,Crataegus monogyna.png,https://github.com/boobalootoo/CARDDECKDONOTEDIT/blob/main/Common%20Hawthorn.png,https://github.com/boobalootoo/8BITGALLERY2/blob/main/Crataegus%20monogyna.png
Common Hemp-nettle.png,Galeopsis tetrahit.png,https://github.com/boobalootoo/CARDDECKDONOTEDIT/blob/main/Common%20Hemp-nettle.png,https://github.com/boobalootoo/8BITGALLERY2/blob/main/Galeopsis%20tetrahit.png
Common Honeysuckle.png,Lonicera periclymenum.png,https://github.com/boobalootoo/CARDDECKDONOTEDIT/blob/main/Common%20Honeysuckle.png,https://github.com/boobalootoo/8BITGALLERY2/blob/main/Lonicera%20periclymenum.png
Common Kingfisher.png,common_kingfi.png,https://github.com/boobalootoo/CARDDECKDONOTEDIT/blob/main/Common%20Kingfisher.png,https://github.com/boobalootoo/8BITGALLERY2/blob/main/common_kingfi.png
Common Knapweed.png,Centaurea nigra.png,https://github.com/boobalootoo/CARDDECKDONOTEDIT/blob/main/Common%20Knapweed.png,https://github.com/boobalootoo/8BITGALLERY2/blob/main/Centaurea%20nigra.png
Common Linnet.png,common_linnet.png,https://github.com/boobalootoo/CARDDECKDONOTEDIT/blob/main/Common%20Linnet.png,https://github.com/boobalootoo/8BITGALLERY2/blob/main/common_linnet.png
Common Lizard.png,Common_Lizard_(Zooto.png,https://github.com/boobalootoo/CARDDECKDONOTEDIT/blob/main/Common%20Lizard.png,https://github.com/boobalootoo/8BITGALLERY2/blob/main/Common_Lizard_(Zooto.png
Common Mallow.png,Malva sylvestris.png,https://github.com/boobalootoo/CARDDECKDONOTEDIT/blob/main/Common%20Mallow.png,https://github.com/boobalootoo/8BITGALLERY2/blob/main/Malva%20sylvestris.png
Common Milkwort.png,Polygala vulgaris.png,https://github.com/boobalootoo/CARDDECKDONOTEDIT/blob/main/Common%20Milkwort.png,https://github.com/boobalootoo/8BITGALLERY2/blob/main/Polygala%20vulgaris.png
Common Moorhen.png,common_moorhe.png,https://github.com/boobalootoo/CARDDECKDONOTEDIT/blob/main/Common%20Moorhen.png,https://github.com/boobalootoo/8BITGALLERY2/blob/main/common_moorhe.png
Common Mouse-ear.png,Cerastium fontanum.png,https://github.com/boobalootoo/CARDDECKDONOTEDIT/blob/main/Common%20Mouse-ear.png,https://github.com/boobalootoo/8BITGALLERY2/blob/main/Cerastium%20fontanum.png
common pipistrelle bat.png,common pipistrelle bat.png,https://github.com/boobalootoo/CARDDECKDONOTEDIT/blob/main/common%20pipistrelle%20bat.png,https://github.com/boobalootoo/8BITGALLERY2/blob/main/common%20pipistrelle%20bat.png
Common Poppy.png,Papaver rhoeas.png,https://github.com/boobalootoo/CARDDECKDONOTEDIT/blob/main/Common%20Poppy.png,https://github.com/boobalootoo/8BITGALLERY2/blob/main/Papaver%20rhoeas.png
Common Ragwort.png,Jacobaea vulgaris.png,https://github.com/boobalootoo/CARDDECKDONOTEDIT/blob/main/Common%20Ragwort.png,https://github.com/boobalootoo/8BITGALLERY2/blob/main/Jacobaea%20vulgaris.png
Common Redshank.png,common_redsha.png,https://github.com/boobalootoo/CARDDECKDONOTEDIT/blob/main/Common%20Redshank.png,https://github.com/boobalootoo/8BITGALLERY2/blob/main/common_redsha.png
Common Sandpiper.png,common_sandpi.png,https://github.com/boobalootoo/CARDDECKDONOTEDIT/blob/main/Common%20Sandpiper.png,https://github.com/boobalootoo/8BITGALLERY2/blob/main/common_sandpi.png
common shrew.png,common shrew.png,https://github.com/boobalootoo/CARDDECKDONOTEDIT/blob/main/common%20shrew.png,https://github.com/boobalootoo/8BITGALLERY2/blob/main/common%20shrew.png
Common Snipe.png,common_snipe_.png,https://github.com/boobalootoo/CARDDECKDONOTEDIT/blob/main/Common%20Snipe.png,https://github.com/boobalootoo/8BITGALLERY2/blob/main/common_snipe_.png
Common Spotted Orchid.png,Dactylorhiza fuchsii.png,https://github.com/boobalootoo/CARDDECKDONOTEDIT/blob/main/Common%20Spotted%20Orchid.png,https://github.com/boobalootoo/8BITGALLERY2/blob/main/Dactylorhiza%20fuchsii.png
Common Swift.png,common_swift_.png,https://github.com/boobalootoo/CARDDECKDONOTEDIT/blob/main/Common%20Swift.png,https://github.com/boobalootoo/8BITGALLERY2/blob/main/common_swift_.png
Common Toad.png,Common_Toad_(Bufo_bu.png,https://github.com/boobalootoo/CARDDECKDONOTEDIT/blob/main/Common%20Toad.png,https://github.com/boobalootoo/8BITGALLERY2/blob/main/Common_Toad_(Bufo_bu.png
Common Toadflax.png,Linaria vulgaris.png,https://github.com/boobalootoo/CARDDECKDONOTEDIT/blob/main/Common%20Toadflax.png,https://github.com/boobalootoo/8BITGALLERY2/blob/main/Linaria%20vulgaris.png
Common Valerian.png,Valeriana officinalis.png,https://github.com/boobalootoo/CARDDECKDONOTEDIT/blob/main/Common%20Valerian.png,https://github.com/boobalootoo/8BITGALLERY2/blob/main/Valeriana%20officinalis.png
common vole.png,common vole.png,https://github.com/boobalootoo/CARDDECKDONOTEDIT/blob/main/common%20vole.png,https://github.com/boobalootoo/8BITGALLERY2/blob/main/common%20vole.png
Common Water-crowfoot.png,Ranunculus aquatilis.png,https://github.com/boobalootoo/CARDDECKDONOTEDIT/blob/main/Common%20Water-crowfoot.png,https://github.com/boobalootoo/8BITGALLERY2/blob/main/Ranunculus%20aquatilis.png
Common Wood Pigeon.png,common_wood_p.png,https://github.com/boobalootoo/CARDDECKDONOTEDIT/blob/main/Common%20Wood%20Pigeon.png,https://github.com/boobalootoo/8BITGALLERY2/blob/main/common_wood_p.png
Cormorant.png,cormorant_(Ph.png,https://github.com/boobalootoo/CARDDECKDONOTEDIT/blob/main/Cormorant.png,https://github.com/boobalootoo/8BITGALLERY2/blob/main/cormorant_(Ph.png
Corn Bunting.png,corn_bunting_.png,https://github.com/boobalootoo/CARDDECKDONOTEDIT/blob/main/Corn%20Bunting.png,https://github.com/boobalootoo/8BITGALLERY2/blob/main/corn_bunting_.png
Corn Marigold.png,Glebionis segetum.png,https://github.com/boobalootoo/CARDDECKDONOTEDIT/blob/main/Corn%20Marigold.png,https://github.com/boobalootoo/8BITGALLERY2/blob/main/Glebionis%20segetum.png
Corncrake.png,corncrake_(Cr.png,https://github.com/boobalootoo/CARDDECKDONOTEDIT/blob/main/Corncrake.png,https://github.com/boobalootoo/8BITGALLERY2/blob/main/corncrake_(Cr.png
Cornflower.png,Centaurea cyanus.png,https://github.com/boobalootoo/CARDDECKDONOTEDIT/blob/main/Cornflower.png,https://github.com/boobalootoo/8BITGALLERY2/blob/main/Centaurea%20cyanus.png
coypu.png,coypu.png,https://github.com/boobalootoo/CARDDECKDONOTEDIT/blob/main/coypu.png,https://github.com/boobalootoo/8BITGALLERY2/blob/main/coypu.png
Cuckoo.png,cuckoo_(Cucul.png,https://github.com/boobalootoo/CARDDECKDONOTEDIT/blob/main/Cuckoo.png,https://github.com/boobalootoo/8BITGALLERY2/blob/main/cuckoo_(Cucul.png
Cuckooflower.png,Cardamine pratensis.png,https://github.com/boobalootoo/CARDDECKDONOTEDIT/blob/main/Cuckooflower.png,https://github.com/boobalootoo/8BITGALLERY2/blob/main/Cardamine%20pratensis.png
Daisy.png,Bellis perennis.png,https://github.com/boobalootoo/CARDDECKDONOTEDIT/blob/main/Daisy.png,https://github.com/boobalootoo/8BITGALLERY2/blob/main/Bellis%20perennis.png
Dandelion.png,Taraxacum officinale.png,https://github.com/boobalootoo/CARDDECKDONOTEDIT/blob/main/Dandelion.png,https://github.com/boobalootoo/8BITGALLERY2/blob/main/Taraxacum%20officinale.png
Death Cap Mushroom.png,Death_Cap_mushroom_(.png,https://github.com/boobalootoo/CARDDECKDONOTEDIT/blob/main/Death%20Cap%20Mushroom.png,https://github.com/boobalootoo/8BITGALLERY2/blob/main/Death_Cap_mushroom_(.png
deer family.png,deer family.png,https://github.com/boobalootoo/CARDDECKDONOTEDIT/blob/main/deer%20family.png,https://github.com/boobalootoo/8BITGALLERY2/blob/main/deer%20family.png
Dogwood.png,Cornus sanguinea.png,https://github.com/boobalootoo/CARDDECKDONOTEDIT/blob/main/Dogwood.png,https://github.com/boobalootoo/8BITGALLERY2/blob/main/Cornus%20sanguinea.png
domestic cat.png,domestic cat.png,https://github.com/boobalootoo/CARDDECKDONOTEDIT/blob/main/domestic%20cat.png,https://github.com/boobalootoo/8BITGALLERY2/blob/main/domestic%20cat.png
domestic ferret.png,domestic ferret.png,https://github.com/boobalootoo/CARDDECKDONOTEDIT/blob/main/domestic%20ferret.png,https://github.com/boobalootoo/8BITGALLERY2/blob/main/domestic%20ferret.png
domestic goat.png,domestic goat.png,https://github.com/boobalootoo/CARDDECKDONOTEDIT/blob/main/domestic%20goat.png,https://github.com/boobalootoo/8BITGALLERY2/blob/main/domestic%20goat.png
Dusky Warbler.png,dusky_warbler.png,https://github.com/boobalootoo/CARDDECKDONOTEDIT/blob/main/Dusky%20Warbler.png,https://github.com/boobalootoo/8BITGALLERY2/blob/main/dusky_warbler.png
Eastern grey squirrel.png,Eastern grey squirrel.png,https://github.com/boobalootoo/CARDDECKDONOTEDIT/blob/main/Eastern%20grey%20squirrel.png,https://github.com/boobalootoo/8BITGALLERY2/blob/main/Eastern%20grey%20squirrel.png
Edible Frog.png,Edible_Frog_(Peloph.png,https://github.com/boobalootoo/CARDDECKDONOTEDIT/blob/main/Edible%20Frog.png,https://github.com/boobalootoo/8BITGALLERY2/blob/main/Edible_Frog_(Peloph.png
Elder.png,Sambucus nigra.png,https://github.com/boobalootoo/CARDDECKDONOTEDIT/blob/main/Elder.png,https://github.com/boobalootoo/8BITGALLERY2/blob/main/Sambucus%20nigra.png
elephants.png,elephants.png,https://github.com/boobalootoo/CARDDECKDONOTEDIT/blob/main/elephants.png,https://github.com/boobalootoo/8BITGALLERY2/blob/main/elephants.png
Emperor Dragonfly.png,Emperor_Dragonfly_(.png,https://github.com/boobalootoo/CARDDECKDONOTEDIT/blob/main/Emperor%20Dragonfly.png,https://github.com/boobalootoo/8BITGALLERY2/blob/main/Emperor_Dragonfly_(.png
English Oak.png,Quercus robur.png,https://github.com/boobalootoo/CARDDECKDONOTEDIT/blob/main/English%20Oak.png,https://github.com/boobalootoo/8BITGALLERY2/blob/main/Quercus%20robur.png
Eurasian beaver.png,Eurasian beaver.png,https://github.com/boobalootoo/CARDDECKDONOTEDIT/blob/main/Eurasian%20beaver.png,https://github.com/boobalootoo/8BITGALLERY2/blob/main/Eurasian%20beaver.png
Eurasian Blackbird.png,Eurasian_blac.png,https://github.com/boobalootoo/CARDDECKDONOTEDIT/blob/main/Eurasian%20Blackbird.png,https://github.com/boobalootoo/8BITGALLERY2/blob/main/Eurasian_blac.png
Eurasian Curlew.png,Eurasian_curl.png,https://github.com/boobalootoo/CARDDECKDONOTEDIT/blob/main/Eurasian%20Curlew.png,https://github.com/boobalootoo/8BITGALLERY2/blob/main/Eurasian_curl.png
Eurasian Magpie.png,Eurasian_magp.png,https://github.com/boobalootoo/CARDDECKDONOTEDIT/blob/main/Eurasian%20Magpie.png,https://github.com/boobalootoo/8BITGALLERY2/blob/main/Eurasian_magp.png
Eurasian water shrew.png,Eurasian water shrew.png,https://github.com/boobalootoo/CARDDECKDONOTEDIT/blob/main/Eurasian%20water%20shrew.png,https://github.com/boobalootoo/8BITGALLERY2/blob/main/Eurasian%20water%20shrew.png
Eurasian Wren.png,Eurasian_wren.png,https://github.com/boobalootoo/CARDDECKDONOTEDIT/blob/main/Eurasian%20Wren.png,https://github.com/boobalootoo/8BITGALLERY2/blob/main/Eurasian_wren.png
European Adder.png,European_Adder_(Vipe.png,https://github.com/boobalootoo/CARDDECKDONOTEDIT/blob/main/European%20Adder.png,https://github.com/boobalootoo/8BITGALLERY2/blob/main/European_Adder_(Vipe.png
European badger.png,European badger.png,https://github.com/boobalootoo/CARDDECKDONOTEDIT/blob/main/European%20badger.png,https://github.com/boobalootoo/8BITGALLERY2/blob/main/European%20badger.png
European Garden Spider.png,European_Garden_Spid.png,https://github.com/boobalootoo/CARDDECKDONOTEDIT/blob/main/European%20Garden%20Spider.png,https://github.com/boobalootoo/8BITGALLERY2/blob/main/European_Garden_Spid.png
European Goldfinch.png,European_gold.png,https://github.com/boobalootoo/CARDDECKDONOTEDIT/blob/main/European%20Goldfinch.png,https://github.com/boobalootoo/8BITGALLERY2/blob/main/European_gold.png
European Greenfinch.png,European_gree.png,https://github.com/boobalootoo/CARDDECKDONOTEDIT/blob/main/European%20Greenfinch.png,https://github.com/boobalootoo/8BITGALLERY2/blob/main/European_gree.png
European hare.png,European hare.png,https://github.com/boobalootoo/CARDDECKDONOTEDIT/blob/main/European%20hare.png,https://github.com/boobalootoo/8BITGALLERY2/blob/main/European%20hare.png
European hedgehog.png,European hedgehog.png,https://github.com/boobalootoo/CARDDECKDONOTEDIT/blob/main/European%20hedgehog.png,https://github.com/boobalootoo/8BITGALLERY2/blob/main/European%20hedgehog.png
European mole.png,European mole.png,https://github.com/boobalootoo/CARDDECKDONOTEDIT/blob/main/European%20mole.png,https://github.com/boobalootoo/8BITGALLERY2/blob/main/European%20mole.png
European Nightjar.png,European_nigh.png,https://github.com/boobalootoo/CARDDECKDONOTEDIT/blob/main/European%20Nightjar.png,https://github.com/boobalootoo/8BITGALLERY2/blob/main/European_nigh.png
European otter.png,European otter.png,https://github.com/boobalootoo/CARDDECKDONOTEDIT/blob/main/European%20otter.png,https://github.com/boobalootoo/8BITGALLERY2/blob/main/European%20otter.png
European polecat.png,European polecat.png,https://github.com/boobalootoo/CARDDECKDONOTEDIT/blob/main/European%20polecat.png,https://github.com/boobalootoo/8BITGALLERY2/blob/main/European%20polecat.png
European rabbit.png,European rabbit.png,https://github.com/boobalootoo/CARDDECKDONOTEDIT/blob/main/European%20rabbit.png,https://github.com/boobalootoo/8BITGALLERY2/blob/main/European%20rabbit.png
European Robin.png,European_robi.png,https://github.com/boobalootoo/CARDDECKDONOTEDIT/blob/main/European%20Robin.png,https://github.com/boobalootoo/8BITGALLERY2/blob/main/European_robi.png
European Starling.png,European_star.png,https://github.com/boobalootoo/CARDDECKDONOTEDIT/blob/main/European%20Starling.png,https://github.com/boobalootoo/8BITGALLERY2/blob/main/European_star.png
European Stonechat.png,European_ston.png,https://github.com/boobalootoo/CARDDECKDONOTEDIT/blob/main/European%20Stonechat.png,https://github.com/boobalootoo/8BITGALLERY2/blob/main/European_ston.png
European water vole.png,European water vole.png,https://github.com/boobalootoo/CARDDECKDONOTEDIT/blob/main/European%20water%20vole.png,https://github.com/boobalootoo/8BITGALLERY2/blob/main/European%20water%20vole.png
European wildcat.png,European wildcat.png,https://github.com/boobalootoo/CARDDECKDONOTEDIT/blob/main/European%20wildcat.png,https://github.com/boobalootoo/8BITGALLERY2/blob/main/European%20wildcat.png
Eyebright.png,Euphrasia officinalis.png,https://github.com/boobalootoo/CARDDECKDONOTEDIT/blob/main/Eyebright.png,https://github.com/boobalootoo/8BITGALLERY2/blob/main/Euphrasia%20officinalis.png
fallow deer.png,fallow deer.png,https://github.com/boobalootoo/CARDDECKDONOTEDIT/blob/main/fallow%20deer.png,https://github.com/boobalootoo/8BITGALLERY2/blob/main/fallow%20deer.png
False Black Widow Spider.png,False_Black_Widow_Sp.png,https://github.com/boobalootoo/CARDDECKDONOTEDIT/blob/main/False%20Black%20Widow%20Spider.png,https://github.com/boobalootoo/8BITGALLERY2/blob/main/False_Black_Widow_Sp.png
Fen Raft Spider.png,Fen_Raft_Spider_(Dol.png,https://github.com/boobalootoo/CARDDECKDONOTEDIT/blob/main/Fen%20Raft%20Spider.png,https://github.com/boobalootoo/8BITGALLERY2/blob/main/Fen_Raft_Spider_(Dol.png
ferret_polecat hybrid.png,ferret_polecat hybrid.png,https://github.com/boobalootoo/CARDDECKDONOTEDIT/blob/main/ferret_polecat%20hybrid.png,https://github.com/boobalootoo/8BITGALLERY2/blob/main/ferret_polecat%20hybrid.png
Field Scabious.png,Knautia arvensis.png,https://github.com/boobalootoo/CARDDECKDONOTEDIT/blob/main/Field%20Scabious.png,https://github.com/boobalootoo/8BITGALLERY2/blob/main/Knautia%20arvensis.png
field vole.png,field vole.png,https://github.com/boobalootoo/CARDDECKDONOTEDIT/blob/main/field%20vole.png,https://github.com/boobalootoo/8BITGALLERY2/blob/main/field%20vole.png
Firecrest.png,firecrest_(Re.png,https://github.com/boobalootoo/CARDDECKDONOTEDIT/blob/main/Firecrest.png,https://github.com/boobalootoo/8BITGALLERY2/blob/main/firecrest_(Re.png
Fly Agaric Mushroom.png,Fly_Agaric_mushroom_.png,https://github.com/boobalootoo/CARDDECKDONOTEDIT/blob/main/Fly%20Agaric%20Mushroom.png,https://github.com/boobalootoo/8BITGALLERY2/blob/main/Fly_Agaric_mushroom_.png
Foxglove.png,Digitalis purpurea.png,https://github.com/boobalootoo/CARDDECKDONOTEDIT/blob/main/Foxglove.png,https://github.com/boobalootoo/8BITGALLERY2/blob/main/Digitalis%20purpurea.png
Germander Speedwell.png,Veronica chamaedrys.png,https://github.com/boobalootoo/CARDDECKDONOTEDIT/blob/main/Germander%20Speedwell.png,https://github.com/boobalootoo/8BITGALLERY2/blob/main/Veronica%20chamaedrys.png
Goldfinch.png,goldfinch_(Ca.png,https://github.com/boobalootoo/CARDDECKDONOTEDIT/blob/main/Goldfinch.png,https://github.com/boobalootoo/8BITGALLERY2/blob/main/goldfinch_(Ca.png
Grass Snake.png,Grass_Snake_(Natrix_.png,https://github.com/boobalootoo/CARDDECKDONOTEDIT/blob/main/Grass%20Snake.png,https://github.com/boobalootoo/8BITGALLERY2/blob/main/Grass_Snake_(Natrix_.png
Great Burnet.png,Sanguisorba officinalis.png,https://github.com/boobalootoo/CARDDECKDONOTEDIT/blob/main/Great%20Burnet.png,https://github.com/boobalootoo/8BITGALLERY2/blob/main/Sanguisorba%20officinalis.png
Great Crested Grebe.png,great_crested.png,https://github.com/boobalootoo/CARDDECKDONOTEDIT/blob/main/Great%20Crested%20Grebe.png,https://github.com/boobalootoo/8BITGALLERY2/blob/main/great_crested.png
Great Crested Newt.png,Great_Crested_Newt_(.png,https://github.com/boobalootoo/CARDDECKDONOTEDIT/blob/main/Great%20Crested%20Newt.png,https://github.com/boobalootoo/8BITGALLERY2/blob/main/Great_Crested_Newt_(.png
Great Spotted Woodpecker.png,great_spotted.png,https://github.com/boobalootoo/CARDDECKDONOTEDIT/blob/main/Great%20Spotted%20Woodpecker.png,https://github.com/boobalootoo/8BITGALLERY2/blob/main/great_spotted.png
Great Tit.png,great_tit_(Pa.png,https://github.com/boobalootoo/CARDDECKDONOTEDIT/blob/main/Great%20Tit.png,https://github.com/boobalootoo/8BITGALLERY2/blob/main/great_tit_(Pa.png
Great Willowherb.png,Epilobium hirsutum.png,https://github.com/boobalootoo/CARDDECKDONOTEDIT/blob/main/Great%20Willowherb.png,https://github.com/boobalootoo/8BITGALLERY2/blob/main/Epilobium%20hirsutum.png
greater horseshoe bat.png,greater horseshoe bat.png,https://github.com/boobalootoo/CARDDECKDONOTEDIT/blob/main/greater%20horseshoe%20bat.png,https://github.com/boobalootoo/8BITGALLERY2/blob/main/greater%20horseshoe%20bat.png
Greater Knapweed.png,Centaurea scabiosa.png,https://github.com/boobalootoo/CARDDECKDONOTEDIT/blob/main/Greater%20Knapweed.png,https://github.com/boobalootoo/8BITGALLERY2/blob/main/Centaurea%20scabiosa.png
Greater Plantain.png,Plantago major.png,https://github.com/boobalootoo/CARDDECKDONOTEDIT/blob/main/Greater%20Plantain.png,https://github.com/boobalootoo/8BITGALLERY2/blob/main/Plantago%20major.png
Greater Stitchwort.png,Stellaria holostea.png,https://github.com/boobalootoo/CARDDECKDONOTEDIT/blob/main/Greater%20Stitchwort.png,https://github.com/boobalootoo/8BITGALLERY2/blob/main/Stellaria%20holostea.png
greater white-toothed shrew.png,greater white-toothed shrew.png,https://github.com/boobalootoo/CARDDECKDONOTEDIT/blob/main/greater%20white-toothed%20shrew.png,https://github.com/boobalootoo/8BITGALLERY2/blob/main/greater%20white-toothed%20shrew.png
Green Alkanet.png,Pentaglottis sempervirens.png,https://github.com/boobalootoo/CARDDECKDONOTEDIT/blob/main/Green%20Alkanet.png,https://github.com/boobalootoo/8BITGALLERY2/blob/main/Pentaglottis%20sempervirens.png
Grey Heron.png,grey_heron_(A.png,https://github.com/boobalootoo/CARDDECKDONOTEDIT/blob/main/Grey%20Heron.png,https://github.com/boobalootoo/8BITGALLERY2/blob/main/grey_heron_(A.png
grey seal.png,grey seal.png,https://github.com/boobalootoo/CARDDECKDONOTEDIT/blob/main/grey%20seal.png,https://github.com/boobalootoo/8BITGALLERY2/blob/main/grey%20seal.png
Hammock-web Spider.png,Hammock-web_Spider_(.png,https://github.com/boobalootoo/CARDDECKDONOTEDIT/blob/main/Hammock-web%20Spider.png,https://github.com/boobalootoo/8BITGALLERY2/blob/main/Hammock-web_Spider_(.png
harbour porpoise.png,harbour porpoise.png,https://github.com/boobalootoo/CARDDECKDONOTEDIT/blob/main/harbour%20porpoise.png,https://github.com/boobalootoo/8BITGALLERY2/blob/main/harbour%20porpoise.png
harbour seal.png,harbour seal.png,https://github.com/boobalootoo/CARDDECKDONOTEDIT/blob/main/harbour%20seal.png,https://github.com/boobalootoo/8BITGALLERY2/blob/main/harbour%20seal.png
Harebell.png,Campanula rotundifolia.png,https://github.com/boobalootoo/CARDDECKDONOTEDIT/blob/main/Harebell.png,https://github.com/boobalootoo/8BITGALLERY2/blob/main/Campanula%20rotundifolia.png
"hares, genus.png","hares, genus.png",https://github.com/boobalootoo/CARDDECKDONOTEDIT/blob/main/hares%2C%20genus.png,https://github.com/boobalootoo/8BITGALLERY2/blob/main/hares%2C%20genus.png
Harlequin Ladybird.png,Harlequin_Ladybird_(.png,https://github.com/boobalootoo/CARDDECKDONOTEDIT/blob/main/Harlequin%20Ladybird.png,https://github.com/boobalootoo/8BITGALLERY2/blob/main/Harlequin_Ladybird_(.png
harvest mouse.png,harvest mouse.png,https://github.com/boobalootoo/CARDDECKDONOTEDIT/blob/main/harvest%20mouse.png,https://github.com/boobalootoo/8BITGALLERY2/blob/main/harvest%20mouse.png
hazel dormouse.png,hazel dormouse.png,https://github.com/boobalootoo/CARDDECKDONOTEDIT/blob/main/hazel%20dormouse.png,https://github.com/boobalootoo/8BITGALLERY2/blob/main/hazel%20dormouse.png
Hedge Bindweed.png,Calystegia sepium.png,https://github.com/boobalootoo/CARDDECKDONOTEDIT/blob/main/Hedge%20Bindweed.png,https://github.com/boobalootoo/8BITGALLERY2/blob/main/Calystegia%20sepium.png
Hen Harrier.png,hen_harrier_(.png,https://github.com/boobalootoo/CARDDECKDONOTEDIT/blob/main/Hen%20Harrier.png,https://github.com/boobalootoo/8BITGALLERY2/blob/main/hen_harrier_(.png
Herb Robert.png,Geranium robertianum.png,https://github.com/boobalootoo/CARDDECKDONOTEDIT/blob/main/Herb%20Robert.png,https://github.com/boobalootoo/8BITGALLERY2/blob/main/Geranium%20robertianum.png
Herring Gull.png,herring_gull_.png,https://github.com/boobalootoo/CARDDECKDONOTEDIT/blob/main/Herring%20Gull.png,https://github.com/boobalootoo/8BITGALLERY2/blob/main/herring_gull_.png
Hogweed.png,Heracleum sphondylium.png,https://github.com/boobalootoo/CARDDECKDONOTEDIT/blob/main/Hogweed.png,https://github.com/boobalootoo/8BITGALLERY2/blob/main/Heracleum%20sphondylium.png
Holly Blue Butterfly.png,Holly_Blue_butterfly.png,https://github.com/boobalootoo/CARDDECKDONOTEDIT/blob/main/Holly%20Blue%20Butterfly.png,https://github.com/boobalootoo/8BITGALLERY2/blob/main/Holly_Blue_butterfly.png
house mouse.png,house mouse.png,https://github.com/boobalootoo/CARDDECKDONOTEDIT/blob/main/house%20mouse.png,https://github.com/boobalootoo/8BITGALLERY2/blob/main/house%20mouse.png
House Sparrow.png,house_sparrow.png,https://github.com/boobalootoo/CARDDECKDONOTEDIT/blob/main/House%20Sparrow.png,https://github.com/boobalootoo/8BITGALLERY2/blob/main/house_sparrow.png
humpback whale.png,humpback whale.png,https://github.com/boobalootoo/CARDDECKDONOTEDIT/blob/main/humpback%20whale.png,https://github.com/boobalootoo/8BITGALLERY2/blob/main/humpback%20whale.png
index.html,index.html,https://github.com/boobalootoo/CARDDECKDONOTEDIT/blob/main/index.html,https://github.com/boobalootoo/8BITGALLERY2/blob/main/index.html
Irish hare.png,Irish hare.png,https://github.com/boobalootoo/CARDDECKDONOTEDIT/blob/main/Irish%20hare.png,https://github.com/boobalootoo/8BITGALLERY2/blob/main/Irish%20hare.png
Jackdaw.png,jackdaw_(Corv.png,https://github.com/boobalootoo/CARDDECKDONOTEDIT/blob/main/Jackdaw.png,https://github.com/boobalootoo/8BITGALLERY2/blob/main/jackdaw_(Corv.png
Jelly Ear Fungus.png,Jelly_Ear_Fungus_(Au.png,https://github.com/boobalootoo/CARDDECKDONOTEDIT/blob/main/Jelly%20Ear%20Fungus.png,https://github.com/boobalootoo/8BITGALLERY2/blob/main/Jelly_Ear_Fungus_(Au.png
Kestrel.png,kestrel_(Falc.png,https://github.com/boobalootoo/CARDDECKDONOTEDIT/blob/main/Kestrel.png,https://github.com/boobalootoo/8BITGALLERY2/blob/main/kestrel_(Falc.png
Lace Web Spider.png,Lace_Web_Spider_(Ama.png,https://github.com/boobalootoo/CARDDECKDONOTEDIT/blob/main/Lace%20Web%20Spider.png,https://github.com/boobalootoo/8BITGALLERY2/blob/main/Lace_Web_Spider_(Ama.png
Lady’s Bedstraw.png,Galium verum.png,https://github.com/boobalootoo/CARDDECKDONOTEDIT/blob/main/Lady%E2%80%99s%20Bedstraw.png,https://github.com/boobalootoo/8BITGALLERY2/blob/main/Galium%20verum.png
Large Red Damselfly.png,Large_Red_Damselfly_.png,https://github.com/boobalootoo/CARDDECKDONOTEDIT/blob/main/Large%20Red%20Damselfly.png,https://github.com/boobalootoo/8BITGALLERY2/blob/main/Large_Red_Damselfly_.png
Lesser Celandine.png,Ficaria verna.png,https://github.com/boobalootoo/CARDDECKDONOTEDIT/blob/main/Lesser%20Celandine.png,https://github.com/boobalootoo/8BITGALLERY2/blob/main/Ficaria%20verna.png
lesser horseshoe bat.png,lesser horseshoe bat.png,https://github.com/boobalootoo/CARDDECKDONOTEDIT/blob/main/lesser%20horseshoe%20bat.png,https://github.com/boobalootoo/8BITGALLERY2/blob/main/lesser%20horseshoe%20bat.png
lesser white-toothed shrew.png,lesser white-toothed shrew.png,https://github.com/boobalootoo/CARDDECKDONOTEDIT/blob/main/lesser%20white-toothed%20shrew.png,https://github.com/boobalootoo/8BITGALLERY2/blob/main/lesser%20white-toothed%20shrew.png
Little Egret.png,little_egret_.png,https://github.com/boobalootoo/CARDDECKDONOTEDIT/blob/main/Little%20Egret.png,https://github.com/boobalootoo/8BITGALLERY2/blob/main/little_egret_.png
Little Owl.png,little_owl_(A.png,https://github.com/boobalootoo/CARDDECKDONOTEDIT/blob/main/Little%20Owl.png,https://github.com/boobalootoo/8BITGALLERY2/blob/main/little_owl_(A.png
Little Tern.png,little_tern_(.png,https://github.com/boobalootoo/CARDDECKDONOTEDIT/blob/main/Little%20Tern.png,https://github.com/boobalootoo/8BITGALLERY2/blob/main/little_tern_(.png
long-eared bats.png,long-eared bats.png,https://github.com/boobalootoo/CARDDECKDONOTEDIT/blob/main/long-eared%20bats.png,https://github.com/boobalootoo/8BITGALLERY2/blob/main/long-eared%20bats.png
Long-tailed Tit.png,long-tailed_t.png,https://github.com/boobalootoo/CARDDECKDONOTEDIT/blob/main/Long-tailed%20Tit.png,https://github.com/boobalootoo/8BITGALLERY2/blob/main/long-tailed_t.png
Mallard Duck.png,mallard_duck_.png,https://github.com/boobalootoo/CARDDECKDONOTEDIT/blob/main/Mallard%20Duck.png,https://github.com/boobalootoo/8BITGALLERY2/blob/main/mallard_duck_.png
mammals.png,mammals.png,https://github.com/boobalootoo/CARDDECKDONOTEDIT/blob/main/mammals.png,https://github.com/boobalootoo/8BITGALLERY2/blob/main/mammals.png
Marmalade Hoverfly.png,Marmalade_Hoverfly_(.png,https://github.com/boobalootoo/CARDDECKDONOTEDIT/blob/main/Marmalade%20Hoverfly.png,https://github.com/boobalootoo/8BITGALLERY2/blob/main/Marmalade_Hoverfly_(.png
Marsh Cinquefoil.png,Comarum palustre.png,https://github.com/boobalootoo/CARDDECKDONOTEDIT/blob/main/Marsh%20Cinquefoil.png,https://github.com/boobalootoo/8BITGALLERY2/blob/main/Comarum%20palustre.png
Marsh Frog.png,Marsh_Frog_(Pelophyl.png,https://github.com/boobalootoo/CARDDECKDONOTEDIT/blob/main/Marsh%20Frog.png,https://github.com/boobalootoo/8BITGALLERY2/blob/main/Marsh_Frog_(Pelophyl.png
Marsh Harrier.png,marsh_harrier.png,https://github.com/boobalootoo/CARDDECKDONOTEDIT/blob/main/Marsh%20Harrier.png,https://github.com/boobalootoo/8BITGALLERY2/blob/main/marsh_harrier.png
Marsh Horsetail.png,Equisetum palustre.png,https://github.com/boobalootoo/CARDDECKDONOTEDIT/blob/main/Marsh%20Horsetail.png,https://github.com/boobalootoo/8BITGALLERY2/blob/main/Equisetum%20palustre.png
Marsh Violet.png,Viola palustris.png,https://github.com/boobalootoo/CARDDECKDONOTEDIT/blob/main/Marsh%20Violet.png,https://github.com/boobalootoo/8BITGALLERY2/blob/main/Viola%20palustris.png
Marsh Woundwort.png,Stachys palustris.png,https://github.com/boobalootoo/CARDDECKDONOTEDIT/blob/main/Marsh%20Woundwort.png,https://github.com/boobalootoo/8BITGALLERY2/blob/main/Stachys%20palustris.png
Marsh-marigold.png,Caltha palustris.png,https://github.com/boobalootoo/CARDDECKDONOTEDIT/blob/main/Marsh-marigold.png,https://github.com/boobalootoo/8BITGALLERY2/blob/main/Caltha%20palustris.png
Meadow Buttercup.png,Ranunculus acris.png,https://github.com/boobalootoo/CARDDECKDONOTEDIT/blob/main/Meadow%20Buttercup.png,https://github.com/boobalootoo/8BITGALLERY2/blob/main/Ranunculus%20acris.png
Meadow Crane’s-bill.png,Geranium pratense.png,https://github.com/boobalootoo/CARDDECKDONOTEDIT/blob/main/Meadow%20Crane%E2%80%99s-bill.png,https://github.com/boobalootoo/8BITGALLERY2/blob/main/Geranium%20pratense.png
Meadow Pipit.png,meadow_pipit_.png,https://github.com/boobalootoo/CARDDECKDONOTEDIT/blob/main/Meadow%20Pipit.png,https://github.com/boobalootoo/8BITGALLERY2/blob/main/meadow_pipit_.png
Meadow Vetchling.png,Lathyrus pratensis.png,https://github.com/boobalootoo/CARDDECKDONOTEDIT/blob/main/Meadow%20Vetchling.png,https://github.com/boobalootoo/8BITGALLERY2/blob/main/Lathyrus%20pratensis.png
Meadowsweet.png,Filipendula ulmaria.png,https://github.com/boobalootoo/CARDDECKDONOTEDIT/blob/main/Meadowsweet.png,https://github.com/boobalootoo/8BITGALLERY2/blob/main/Filipendula%20ulmaria.png
mice and rats.png,mice and rats.png,https://github.com/boobalootoo/CARDDECKDONOTEDIT/blob/main/mice%20and%20rats.png,https://github.com/boobalootoo/8BITGALLERY2/blob/main/mice%20and%20rats.png
mice genus.png,mice genus.png,https://github.com/boobalootoo/CARDDECKDONOTEDIT/blob/main/mice%20genus.png,https://github.com/boobalootoo/8BITGALLERY2/blob/main/mice%20genus.png
Migrant Hawker Dragonfly.png,Migrant_Hawker_drago.png,https://github.com/boobalootoo/CARDDECKDONOTEDIT/blob/main/Migrant%20Hawker%20Dragonfly.png,https://github.com/boobalootoo/8BITGALLERY2/blob/main/Migrant_Hawker_drago.png
minke whale.png,minke whale.png,https://github.com/boobalootoo/CARDDECKDONOTEDIT/blob/main/minke%20whale.png,https://github.com/boobalootoo/8BITGALLERY2/blob/main/minke%20whale.png
"moles, family.png","moles, family.png",https://github.com/boobalootoo/CARDDECKDONOTEDIT/blob/main/moles%2C%20family.png,https://github.com/boobalootoo/8BITGALLERY2/blob/main/moles%2C%20family.png
mountain hare.png,mountain hare.png,https://github.com/boobalootoo/CARDDECKDONOTEDIT/blob/main/mountain%20hare.png,https://github.com/boobalootoo/8BITGALLERY2/blob/main/mountain%20hare.png
mouse-eared bats.png,mouse-eared bats.png,https://github.com/boobalootoo/CARDDECKDONOTEDIT/blob/main/mouse-eared%20bats.png,https://github.com/boobalootoo/8BITGALLERY2/blob/main/mouse-eared%20bats.png
Mute Swan.png,mute_swan_(Cy.png,https://github.com/boobalootoo/CARDDECKDONOTEDIT/blob/main/Mute%20Swan.png,https://github.com/boobalootoo/8BITGALLERY2/blob/main/mute_swan_(Cy.png
Natterer's bat.png,Natterer's bat.png,https://github.com/boobalootoo/CARDDECKDONOTEDIT/blob/main/Natterer's%20bat.png,https://github.com/boobalootoo/8BITGALLERY2/blob/main/Natterer's%20bat.png
Natterjack Toad.png,Natterjack_Toad_(Epi.png,https://github.com/boobalootoo/CARDDECKDONOTEDIT/blob/main/Natterjack%20Toad.png,https://github.com/boobalootoo/8BITGALLERY2/blob/main/Natterjack_Toad_(Epi.png
noctule bat.png,noctule bat.png,https://github.com/boobalootoo/CARDDECKDONOTEDIT/blob/main/noctule%20bat.png,https://github.com/boobalootoo/8BITGALLERY2/blob/main/noctule%20bat.png
noctule bats.png,noctule bats.png,https://github.com/boobalootoo/CARDDECKDONOTEDIT/blob/main/noctule%20bats.png,https://github.com/boobalootoo/8BITGALLERY2/blob/main/noctule%20bats.png
noctule_serotine bat group.png,noctule_serotine bat group.png,https://github.com/boobalootoo/CARDDECKDONOTEDIT/blob/main/noctule_serotine%20bat%20group.png,https://github.com/boobalootoo/8BITGALLERY2/blob/main/noctule_serotine%20bat%20group.png
Northern Lapwing.png,northern_lapw.png,https://github.com/boobalootoo/CARDDECKDONOTEDIT/blob/main/Northern%20Lapwing.png,https://github.com/boobalootoo/8BITGALLERY2/blob/main/northern_lapw.png
Northern Wheatear.png,northern_whea.png,https://github.com/boobalootoo/CARDDECKDONOTEDIT/blob/main/Northern%20Wheatear.png,https://github.com/boobalootoo/8BITGALLERY2/blob/main/northern_whea.png
oceanic dolphins.png,oceanic dolphins.png,https://github.com/boobalootoo/CARDDECKDONOTEDIT/blob/main/oceanic%20dolphins.png,https://github.com/boobalootoo/8BITGALLERY2/blob/main/oceanic%20dolphins.png
Orange Peel Fungus.png,Orange_Peel_Fungus_.png,https://github.com/boobalootoo/CARDDECKDONOTEDIT/blob/main/Orange%20Peel%20Fungus.png,https://github.com/boobalootoo/8BITGALLERY2/blob/main/Orange_Peel_Fungus_.png
Painted Lady Butterfly.png,Painted_Lady_butterf.png,https://github.com/boobalootoo/CARDDECKDONOTEDIT/blob/main/Painted%20Lady%20Butterfly.png,https://github.com/boobalootoo/8BITGALLERY2/blob/main/Painted_Lady_butterf.png
Pallas's Warbler.png,pallas's_warb.png,https://github.com/boobalootoo/CARDDECKDONOTEDIT/blob/main/Pallas's%20Warbler.png,https://github.com/boobalootoo/8BITGALLERY2/blob/main/pallas's_warb.png
Palmate Newt.png,Palmate_Newt_(Lissot.png,https://github.com/boobalootoo/CARDDECKDONOTEDIT/blob/main/Palmate%20Newt.png,https://github.com/boobalootoo/8BITGALLERY2/blob/main/Palmate_Newt_(Lissot.png
Panther Cap Mushroom.png,Panther_Cap_mushroom.png,https://github.com/boobalootoo/CARDDECKDONOTEDIT/blob/main/Panther%20Cap%20Mushroom.png,https://github.com/boobalootoo/8BITGALLERY2/blob/main/Panther_Cap_mushroom.png
Peacock Butterfly.png,Peacock_butterfly_(A.png,https://github.com/boobalootoo/CARDDECKDONOTEDIT/blob/main/Peacock%20Butterfly.png,https://github.com/boobalootoo/8BITGALLERY2/blob/main/Peacock_butterfly_(A.png
Peregrine Falcon.png,peregrine_fal.png,https://github.com/boobalootoo/CARDDECKDONOTEDIT/blob/main/Peregrine%20Falcon.png,https://github.com/boobalootoo/8BITGALLERY2/blob/main/peregrine_fal.png
Pied Wagtail.png,pied_wagtail_.png,https://github.com/boobalootoo/CARDDECKDONOTEDIT/blob/main/Pied%20Wagtail.png,https://github.com/boobalootoo/8BITGALLERY2/blob/main/pied_wagtail_.png
pine marten.png,pine marten.png,https://github.com/boobalootoo/CARDDECKDONOTEDIT/blob/main/pine%20marten.png,https://github.com/boobalootoo/8BITGALLERY2/blob/main/pine%20marten.png
pipistrelle bat genus.png,pipistrelle bat genus.png,https://github.com/boobalootoo/CARDDECKDONOTEDIT/blob/main/pipistrelle%20bat%20genus.png,https://github.com/boobalootoo/8BITGALLERY2/blob/main/pipistrelle%20bat%20genus.png
Pomarine Skua.png,pomarine_skua.png,https://github.com/boobalootoo/CARDDECKDONOTEDIT/blob/main/Pomarine%20Skua.png,https://github.com/boobalootoo/8BITGALLERY2/blob/main/pomarine_skua.png
Primrose.png,Primula vulgaris.png,https://github.com/boobalootoo/CARDDECKDONOTEDIT/blob/main/Primrose.png,https://github.com/boobalootoo/8BITGALLERY2/blob/main/Primula%20vulgaris.png
Purple Loosestrife.png,Lythrum salicaria.png,https://github.com/boobalootoo/CARDDECKDONOTEDIT/blob/main/Purple%20Loosestrife.png,https://github.com/boobalootoo/8BITGALLERY2/blob/main/Lythrum%20salicaria.png
pygmy shrew.png,pygmy shrew.png,https://github.com/boobalootoo/CARDDECKDONOTEDIT/blob/main/pygmy%20shrew.png,https://github.com/boobalootoo/8BITGALLERY2/blob/main/pygmy%20shrew.png
Raft Spider.png,Raft_Spider_(Dolomed.png,https://github.com/boobalootoo/CARDDECKDONOTEDIT/blob/main/Raft%20Spider.png,https://github.com/boobalootoo/8BITGALLERY2/blob/main/Raft_Spider_(Dolomed.png
"rats, genus.png","rats, genus.png",https://github.com/boobalootoo/CARDDECKDONOTEDIT/blob/main/rats%2C%20genus.png,https://github.com/boobalootoo/8BITGALLERY2/blob/main/rats%2C%20genus.png
Red Admiral Butterfly.png,Red_Admiral_butterfl.png,https://github.com/boobalootoo/CARDDECKDONOTEDIT/blob/main/Red%20Admiral%20Butterfly.png,https://github.com/boobalootoo/8BITGALLERY2/blob/main/Red_Admiral_butterfl.png
Red Campion.png,Silene dioica.png,https://github.com/boobalootoo/CARDDECKDONOTEDIT/blob/main/Red%20Campion.png,https://github.com/boobalootoo/8BITGALLERY2/blob/main/Silene%20dioica.png
Red Dead-nettle.png,Lamium purpureum.png,https://github.com/boobalootoo/CARDDECKDONOTEDIT/blob/main/Red%20Dead-nettle.png,https://github.com/boobalootoo/8BITGALLERY2/blob/main/Lamium%20purpureum.png
red deer.png,red deer.png,https://github.com/boobalootoo/CARDDECKDONOTEDIT/blob/main/red%20deer.png,https://github.com/boobalootoo/8BITGALLERY2/blob/main/red%20deer.png
red fox.png,red fox.png,https://github.com/boobalootoo/CARDDECKDONOTEDIT/blob/main/red%20fox.png,https://github.com/boobalootoo/8BITGALLERY2/blob/main/red%20fox.png
Red Kite.png,red_kite_(Mil.png,https://github.com/boobalootoo/CARDDECKDONOTEDIT/blob/main/Red%20Kite.png,https://github.com/boobalootoo/8BITGALLERY2/blob/main/red_kite_(Mil.png
red squirrel.png,red squirrel.png,https://github.com/boobalootoo/CARDDECKDONOTEDIT/blob/main/red%20squirrel.png,https://github.com/boobalootoo/8BITGALLERY2/blob/main/red%20squirrel.png
Red-backed Shrike.png,red-backed_sh.png,https://github.com/boobalootoo/CARDDECKDONOTEDIT/blob/main/Red-backed%20Shrike.png,https://github.com/boobalootoo/8BITGALLERY2/blob/main/red-backed_sh.png
Red-flanked Bluetail.png,red-flanked_b.png,https://github.com/boobalootoo/CARDDECKDONOTEDIT/blob/main/Red-flanked%20Bluetail.png,https://github.com/boobalootoo/8BITGALLERY2/blob/main/red-flanked_b.png
red-necked wallaby.png,red-necked wallaby.png,https://github.com/boobalootoo/CARDDECKDONOTEDIT/blob/main/red-necked%20wallaby.png,https://github.com/boobalootoo/8BITGALLERY2/blob/main/red-necked%20wallaby.png
Red-tailed Bumblebee.png,Red-tailed_Bumblebee.png,https://github.com/boobalootoo/CARDDECKDONOTEDIT/blob/main/Red-tailed%20Bumblebee.png,https://github.com/boobalootoo/8BITGALLERY2/blob/main/Red-tailed_Bumblebee.png
Red-throated Diver.png,red-throated_.png,https://github.com/boobalootoo/CARDDECKDONOTEDIT/blob/main/Red-throated%20Diver.png,https://github.com/boobalootoo/8BITGALLERY2/blob/main/red-throated_.png
Redwing.png,redwing_(Turd.png,https://github.com/boobalootoo/CARDDECKDONOTEDIT/blob/main/Redwing.png,https://github.com/boobalootoo/8BITGALLERY2/blob/main/redwing_(Turd.png
Reed Bunting.png,reed_bunting_.png,https://github.com/boobalootoo/CARDDECKDONOTEDIT/blob/main/Reed%20Bunting.png,https://github.com/boobalootoo/8BITGALLERY2/blob/main/reed_bunting_.png
Reeves's muntjac.png,Reeves's muntjac.png,https://github.com/boobalootoo/CARDDECKDONOTEDIT/blob/main/Reeves's%20muntjac.png,https://github.com/boobalootoo/8BITGALLERY2/blob/main/Reeves's%20muntjac.png
Ring Ouzel.png,ring_ouzel_(T.png,https://github.com/boobalootoo/CARDDECKDONOTEDIT/blob/main/Ring%20Ouzel.png,https://github.com/boobalootoo/8BITGALLERY2/blob/main/ring_ouzel_(T.png
"rodents, order.png","rodents, order.png",https://github.com/boobalootoo/CARDDECKDONOTEDIT/blob/main/rodents%2C%20order.png,https://github.com/boobalootoo/8BITGALLERY2/blob/main/rodents%2C%20order.png
roe deer.png,roe deer.png,https://github.com/boobalootoo/CARDDECKDONOTEDIT/blob/main/roe%20deer.png,https://github.com/boobalootoo/8BITGALLERY2/blob/main/roe%20deer.png
Rook.png,rook_(Corvus_.png,https://github.com/boobalootoo/CARDDECKDONOTEDIT/blob/main/Rook.png,https://github.com/boobalootoo/8BITGALLERY2/blob/main/rook_(Corvus_.png
Roseate Tern.png,roseate_tern_.png,https://github.com/boobalootoo/CARDDECKDONOTEDIT/blob/main/Roseate%20Tern.png,https://github.com/boobalootoo/8BITGALLERY2/blob/main/roseate_tern_.png
Running Crab Spider.png,Running_Crab_Spider_.png,https://github.com/boobalootoo/CARDDECKDONOTEDIT/blob/main/Running%20Crab%20Spider.png,https://github.com/boobalootoo/8BITGALLERY2/blob/main/Running_Crab_Spider_.png
Rustic Bunting.png,rustic_buntin.png,https://github.com/boobalootoo/CARDDECKDONOTEDIT/blob/main/Rustic%20Bunting.png,https://github.com/boobalootoo/8BITGALLERY2/blob/main/rustic_buntin.png
Sand Lizard.png,Sand_Lizard_(Lacerta.png,https://github.com/boobalootoo/CARDDECKDONOTEDIT/blob/main/Sand%20Lizard.png,https://github.com/boobalootoo/8BITGALLERY2/blob/main/Sand_Lizard_(Lacerta.png
Sand Martin.png,sand_martin_(.png,https://github.com/boobalootoo/CARDDECKDONOTEDIT/blob/main/Sand%20Martin.png,https://github.com/boobalootoo/8BITGALLERY2/blob/main/sand_martin_(.png
Scarlet Elf Cup Fungus.png,Scarlet_Elf_Cup_fung.png,https://github.com/boobalootoo/CARDDECKDONOTEDIT/blob/main/Scarlet%20Elf%20Cup%20Fungus.png,https://github.com/boobalootoo/8BITGALLERY2/blob/main/Scarlet_Elf_Cup_fung.png
Sea Holly.png,Eryngium maritimum.png,https://github.com/boobalootoo/CARDDECKDONOTEDIT/blob/main/Sea%20Holly.png,https://github.com/boobalootoo/8BITGALLERY2/blob/main/Eryngium%20maritimum.png
"seals, sea lions, walruses.png","seals, sea lions, walruses.png",https://github.com/boobalootoo/CARDDECKDONOTEDIT/blob/main/seals%2C%20sea%20lions%2C%20walruses.png,https://github.com/boobalootoo/8BITGALLERY2/blob/main/seals%2C%20sea%20lions%2C%20walruses.png
Selfheal.png,Prunella vulgaris.png,https://github.com/boobalootoo/CARDDECKDONOTEDIT/blob/main/Selfheal.png,https://github.com/boobalootoo/8BITGALLERY2/blob/main/Prunella%20vulgaris.png
Serin.png,serin_(Serinu.png,https://github.com/boobalootoo/CARDDECKDONOTEDIT/blob/main/Serin.png,https://github.com/boobalootoo/8BITGALLERY2/blob/main/serin_(Serinu.png
serotine bat.png,serotine bat.png,https://github.com/boobalootoo/CARDDECKDONOTEDIT/blob/main/serotine%20bat.png,https://github.com/boobalootoo/8BITGALLERY2/blob/main/serotine%20bat.png
Seven-spot Ladybird.png,Seven-spot_Ladybird_.png,https://github.com/boobalootoo/CARDDECKDONOTEDIT/blob/main/Seven-spot%20Ladybird.png,https://github.com/boobalootoo/8BITGALLERY2/blob/main/Seven-spot_Ladybird_.png
Shag.png,shag_(Gulosus.png,https://github.com/boobalootoo/CARDDECKDONOTEDIT/blob/main/Shag.png,https://github.com/boobalootoo/8BITGALLERY2/blob/main/shag_(Gulosus.png
Shaggy Inkcap Mushroom.png,Shaggy_Inkcap_mushro.png,https://github.com/boobalootoo/CARDDECKDONOTEDIT/blob/main/Shaggy%20Inkcap%20Mushroom.png,https://github.com/boobalootoo/8BITGALLERY2/blob/main/Shaggy_Inkcap_mushro.png
Shore Lark.png,shore_lark_(E.png,https://github.com/boobalootoo/CARDDECKDONOTEDIT/blob/main/Shore%20Lark.png,https://github.com/boobalootoo/8BITGALLERY2/blob/main/shore_lark_(E.png
shrews.png,shrews.png,https://github.com/boobalootoo/CARDDECKDONOTEDIT/blob/main/shrews.png,https://github.com/boobalootoo/8BITGALLERY2/blob/main/shrews.png
sika deer.png,sika deer.png,https://github.com/boobalootoo/CARDDECKDONOTEDIT/blob/main/sika%20deer.png,https://github.com/boobalootoo/8BITGALLERY2/blob/main/sika%20deer.png
Silver Birch.png,Angelica sylvestris.png,https://github.com/boobalootoo/CARDDECKDONOTEDIT/blob/main/Silver%20Birch.png,https://github.com/boobalootoo/8BITGALLERY2/blob/main/Angelica%20sylvestris.png
Silverweed.png,Potentilla anserina.png,https://github.com/boobalootoo/CARDDECKDONOTEDIT/blob/main/Silverweed.png,https://github.com/boobalootoo/8BITGALLERY2/blob/main/Potentilla%20anserina.png
Skylark.png,skylark_(Alau.png,https://github.com/boobalootoo/CARDDECKDONOTEDIT/blob/main/Skylark.png,https://github.com/boobalootoo/8BITGALLERY2/blob/main/skylark_(Alau.png
Slow Worm.png,Slow_Worm_(Anguis_fr.png,https://github.com/boobalootoo/CARDDECKDONOTEDIT/blob/main/Slow%20Worm.png,https://github.com/boobalootoo/8BITGALLERY2/blob/main/Slow_Worm_(Anguis_fr.png
Small Tortoiseshell Butterfly.png,Small_Tortoiseshell_.png,https://github.com/boobalootoo/CARDDECKDONOTEDIT/blob/main/Small%20Tortoiseshell%20Butterfly.png,https://github.com/boobalootoo/8BITGALLERY2/blob/main/Small_Tortoiseshell_.png
Smooth Snake.png,Smooth_Snake_(Corone.png,https://github.com/boobalootoo/CARDDECKDONOTEDIT/blob/main/Smooth%20Snake.png,https://github.com/boobalootoo/8BITGALLERY2/blob/main/Smooth_Snake_(Corone.png
Sneezewort.png,Achillea ptarmica.png,https://github.com/boobalootoo/CARDDECKDONOTEDIT/blob/main/Sneezewort.png,https://github.com/boobalootoo/8BITGALLERY2/blob/main/Achillea%20ptarmica.png
Snow Bunting.png,snow_bunting_.png,https://github.com/boobalootoo/CARDDECKDONOTEDIT/blob/main/Snow%20Bunting.png,https://github.com/boobalootoo/8BITGALLERY2/blob/main/snow_bunting_.png
Song Thrush.png,song_thrush_(.png,https://github.com/boobalootoo/CARDDECKDONOTEDIT/blob/main/Song%20Thrush.png,https://github.com/boobalootoo/8BITGALLERY2/blob/main/song_thrush_(.png
soprano pipistrelle bat.png,soprano pipistrelle bat.png,https://github.com/boobalootoo/CARDDECKDONOTEDIT/blob/main/soprano%20pipistrelle%20bat.png,https://github.com/boobalootoo/8BITGALLERY2/blob/main/soprano%20pipistrelle%20bat.png
Southern Hawker Dragonfly.png,Southern_Hawker_drag.png,https://github.com/boobalootoo/CARDDECKDONOTEDIT/blob/main/Southern%20Hawker%20Dragonfly.png,https://github.com/boobalootoo/8BITGALLERY2/blob/main/Southern_Hawker_drag.png
Spearmint.png,Mentha spicata.png,https://github.com/boobalootoo/CARDDECKDONOTEDIT/blob/main/Spearmint.png,https://github.com/boobalootoo/8BITGALLERY2/blob/main/Mentha%20spicata.png
Speckled Wood Butterfly.png,Speckled_Wood_butter.png,https://github.com/boobalootoo/CARDDECKDONOTEDIT/blob/main/Speckled%20Wood%20Butterfly.png,https://github.com/boobalootoo/8BITGALLERY2/blob/main/Speckled_Wood_butter.png
Spotted Flycatcher.png,spotted_flyca.png,https://github.com/boobalootoo/CARDDECKDONOTEDIT/blob/main/Spotted%20Flycatcher.png,https://github.com/boobalootoo/8BITGALLERY2/blob/main/spotted_flyca.png
squirrels.png,squirrels.png,https://github.com/boobalootoo/CARDDECKDONOTEDIT/blob/main/squirrels.png,https://github.com/boobalootoo/8BITGALLERY2/blob/main/squirrels.png
Stag Beetle.png,Stag_Beetle_(Lucanus.png,https://github.com/boobalootoo/CARDDECKDONOTEDIT/blob/main/Stag%20Beetle.png,https://github.com/boobalootoo/8BITGALLERY2/blob/main/Stag_Beetle_(Lucanus.png
Stinging Nettle.png,Urtica dioica.png,https://github.com/boobalootoo/CARDDECKDONOTEDIT/blob/main/Stinging%20Nettle.png,https://github.com/boobalootoo/8BITGALLERY2/blob/main/Urtica%20dioica.png
Stinkhorn Fungus.png,Stinkhorn_fungus_(Ph.png,https://github.com/boobalootoo/CARDDECKDONOTEDIT/blob/main/Stinkhorn%20Fungus.png,https://github.com/boobalootoo/8BITGALLERY2/blob/main/Stinkhorn_fungus_(Ph.png
"stoat, nominate subspecies.png","stoat, nominate subspecies.png",https://github.com/boobalootoo/CARDDECKDONOTEDIT/blob/main/stoat%2C%20nominate%20subspecies.png,https://github.com/boobalootoo/8BITGALLERY2/blob/main/stoat%2C%20nominate%20subspecies.png
stoat.png,stoat.png,https://github.com/boobalootoo/CARDDECKDONOTEDIT/blob/main/stoat.png,https://github.com/boobalootoo/8BITGALLERY2/blob/main/stoat.png
Stripe-legged Spider.png,Stripe-legged_Spider.png,https://github.com/boobalootoo/CARDDECKDONOTEDIT/blob/main/Stripe-legged%20Spider.png,https://github.com/boobalootoo/8BITGALLERY2/blob/main/Stripe-legged_Spider.png
Tawny Owl.png,tawny_owl_(St.png,https://github.com/boobalootoo/CARDDECKDONOTEDIT/blob/main/Tawny%20Owl.png,https://github.com/boobalootoo/8BITGALLERY2/blob/main/tawny_owl_(St.png
Thick-legged Flower Beetle.png,Thick-legged_Flower_.png,https://github.com/boobalootoo/CARDDECKDONOTEDIT/blob/main/Thick-legged%20Flower%20Beetle.png,https://github.com/boobalootoo/8BITGALLERY2/blob/main/Thick-legged_Flower_.png
Thrift (Sea Pink).png,Armeria maritima.png,https://github.com/boobalootoo/CARDDECKDONOTEDIT/blob/main/Thrift%20(Sea%20Pink).png,https://github.com/boobalootoo/8BITGALLERY2/blob/main/Armeria%20maritima.png
Tree Bumblebee.png,Tree_Bumblebee_(Bomb.png,https://github.com/boobalootoo/CARDDECKDONOTEDIT/blob/main/Tree%20Bumblebee.png,https://github.com/boobalootoo/8BITGALLERY2/blob/main/Tree_Bumblebee_(Bomb.png
Tree Pipit.png,tree_pipit_(A.png,https://github.com/boobalootoo/CARDDECKDONOTEDIT/blob/main/Tree%20Pipit.png,https://github.com/boobalootoo/8BITGALLERY2/blob/main/tree_pipit_(A.png
vesper bats.png,vesper bats.png,https://github.com/boobalootoo/CARDDECKDONOTEDIT/blob/main/vesper%20bats.png,https://github.com/boobalootoo/8BITGALLERY2/blob/main/vesper%20bats.png
voles.png,voles.png,https://github.com/boobalootoo/CARDDECKDONOTEDIT/blob/main/voles.png,https://github.com/boobalootoo/8BITGALLERY2/blob/main/voles.png
Wall Lizard.png,Wall_Lizard_(Podarci.png,https://github.com/boobalootoo/CARDDECKDONOTEDIT/blob/main/Wall%20Lizard.png,https://github.com/boobalootoo/8BITGALLERY2/blob/main/Wall_Lizard_(Podarci.png
Water Mint.png,Mentha aquatica.png,https://github.com/boobalootoo/CARDDECKDONOTEDIT/blob/main/Water%20Mint.png,https://github.com/boobalootoo/8BITGALLERY2/blob/main/Mentha%20aquatica.png
Water Rail.png,water_rail_(R.png,https://github.com/boobalootoo/CARDDECKDONOTEDIT/blob/main/Water%20Rail.png,https://github.com/boobalootoo/8BITGALLERY2/blob/main/water_rail_(R.png
weasel.png,weasel.png,https://github.com/boobalootoo/CARDDECKDONOTEDIT/blob/main/weasel.png,https://github.com/boobalootoo/8BITGALLERY2/blob/main/weasel.png
"whales, dolphins, porpoises, order.png","whales, dolphins, porpoises, order.png",https://github.com/boobalootoo/CARDDECKDONOTEDIT/blob/main/whales%2C%20dolphins%2C%20porpoises%2C%20order.png,https://github.com/boobalootoo/8BITGALLERY2/blob/main/whales%2C%20dolphins%2C%20porpoises%2C%20order.png
Whinchat.png,whinchat_(Sax.png,https://github.com/boobalootoo/CARDDECKDONOTEDIT/blob/main/Whinchat.png,https://github.com/boobalootoo/8BITGALLERY2/blob/main/whinchat_(Sax.png
whiskered bat.png,whiskered bat.png,https://github.com/boobalootoo/CARDDECKDONOTEDIT/blob/main/whiskered%20bat.png,https://github.com/boobalootoo/8BITGALLERY2/blob/main/whiskered%20bat.png
White Dead-nettle.png,Lamium album.png,https://github.com/boobalootoo/CARDDECKDONOTEDIT/blob/main/White%20Dead-nettle.png,https://github.com/boobalootoo/8BITGALLERY2/blob/main/Lamium%20album.png
white-beaked dolphin.png,white-beaked dolphin.png,https://github.com/boobalootoo/CARDDECKDONOTEDIT/blob/main/white-beaked%20dolphin.png,https://github.com/boobalootoo/8BITGALLERY2/blob/main/white-beaked%20dolphin.png
White-tailed Eagle.png,white-tailed_.png,https://github.com/boobalootoo/CARDDECKDONOTEDIT/blob/main/White-tailed%20Eagle.png,https://github.com/boobalootoo/8BITGALLERY2/blob/main/white-tailed_.png
Wild Angelica.png,,https://github.com/boobalootoo/CARDDECKDONOTEDIT/blob/main/Wild%20Angelica.png,
Wild Basil.png,Clinopodium vulgare.png,https://github.com/boobalootoo/CARDDECKDONOTEDIT/blob/main/Wild%20Basil.png,https://github.com/boobalootoo/8BITGALLERY2/blob/main/Clinopodium%20vulgare.png
wild boar.png,wild boar.png,https://github.com/boobalootoo/CARDDECKDONOTEDIT/blob/main/wild%20boar.png,https://github.com/boobalootoo/8BITGALLERY2/blob/main/wild%20boar.png
Wild Carrot.png,Daucus carota.png,https://github.com/boobalootoo/CARDDECKDONOTEDIT/blob/main/Wild%20Carrot.png,https://github.com/boobalootoo/8BITGALLERY2/blob/main/Daucus%20carota.png
Wild Clary.png,Salvia verbenaca.png,https://github.com/boobalootoo/CARDDECKDONOTEDIT/blob/main/Wild%20Clary.png,https://github.com/boobalootoo/8BITGALLERY2/blob/main/Salvia%20verbenaca.png
Wild Garlic (Crow Garlic).png,Allium vineale.png,https://github.com/boobalootoo/CARDDECKDONOTEDIT/blob/main/Wild%20Garlic%20(Crow%20Garlic).png,https://github.com/boobalootoo/8BITGALLERY2/blob/main/Allium%20vineale.png
Wild Garlic (Ramsons).png,Allium ursinum.png,https://github.com/boobalootoo/CARDDECKDONOTEDIT/blob/main/Wild%20Garlic%20(Ramsons).png,https://github.com/boobalootoo/8BITGALLERY2/blob/main/Allium%20ursinum.png
wild horse.png,wild horse.png,https://github.com/boobalootoo/CARDDECKDONOTEDIT/blob/main/wild%20horse.png,https://github.com/boobalootoo/8BITGALLERY2/blob/main/wild%20horse.png
Wild Marjoram.png,Origanum vulgare.png,https://github.com/boobalootoo/CARDDECKDONOTEDIT/blob/main/Wild%20Marjoram.png,https://github.com/boobalootoo/8BITGALLERY2/blob/main/Origanum%20vulgare.png
Wild Pansy (Heartsease).png,Viola tricolor.png,https://github.com/boobalootoo/CARDDECKDONOTEDIT/blob/main/Wild%20Pansy%20(Heartsease).png,https://github.com/boobalootoo/8BITGALLERY2/blob/main/Viola%20tricolor.png
Wild Parsnip.png,Pastinaca sativa.png,https://github.com/boobalootoo/CARDDECKDONOTEDIT/blob/main/Wild%20Parsnip.png,https://github.com/boobalootoo/8BITGALLERY2/blob/main/Pastinaca%20sativa.png
Wild Radish.png,Raphanus raphanistrum.png,https://github.com/boobalootoo/CARDDECKDONOTEDIT/blob/main/Wild%20Radish.png,https://github.com/boobalootoo/8BITGALLERY2/blob/main/Raphanus%20raphanistrum.png
Wild Strawberry.png,Fragaria vesca.png,https://github.com/boobalootoo/CARDDECKDONOTEDIT/blob/main/Wild%20Strawberry.png,https://github.com/boobalootoo/8BITGALLERY2/blob/main/Fragaria%20vesca.png
Wild Thyme.png,Thymus polytrichus.png,https://github.com/boobalootoo/CARDDECKDONOTEDIT/blob/main/Wild%20Thyme.png,https://github.com/boobalootoo/8BITGALLERY2/blob/main/Thymus%20polytrichus.png
wildcat_domestic cat hybrid.png,wildcat_domestic cat hybrid.png,https://github.com/boobalootoo/CARDDECKDONOTEDIT/blob/main/wildcat_domestic%20cat%20hybrid.png,https://github.com/boobalootoo/8BITGALLERY2/blob/main/wildcat_domestic%20cat%20hybrid.png
Wood Anemone.png,Anemone nemorosa.png,https://github.com/boobalootoo/CARDDECKDONOTEDIT/blob/main/Wood%20Anemone.png,https://github.com/boobalootoo/8BITGALLERY2/blob/main/Anemone%20nemorosa.png
Wood Avens.png,Geum urbanum.png,https://github.com/boobalootoo/CARDDECKDONOTEDIT/blob/main/Wood%20Avens.png,https://github.com/boobalootoo/8BITGALLERY2/blob/main/Geum%20urbanum.png
wood mouse.png,wood mouse.png,https://github.com/boobalootoo/CARDDECKDONOTEDIT/blob/main/wood%20mouse.png,https://github.com/boobalootoo/8BITGALLERY2/blob/main/wood%20mouse.png
Wood Sorrel.png,Oxalis acetosella.png,https://github.com/boobalootoo/CARDDECKDONOTEDIT/blob/main/Wood%20Sorrel.png,https://github.com/boobalootoo/8BITGALLERY2/blob/main/Oxalis%20acetosella.png
Wood Warbler.png,wood_warbler_.png,https://github.com/boobalootoo/CARDDECKDONOTEDIT/blob/main/Wood%20Warbler.png,https://github.com/boobalootoo/8BITGALLERY2/blob/main/wood_warbler_.png
Woodcock.png,woodcock_(Sco.png,https://github.com/boobalootoo/CARDDECKDONOTEDIT/blob/main/Woodcock.png,https://github.com/boobalootoo/8BITGALLERY2/blob/main/woodcock_(Sco.png
Woodlark.png,woodlark_(Lul.png,https://github.com/boobalootoo/CARDDECKDONOTEDIT/blob/main/Woodlark.png,https://github.com/boobalootoo/8BITGALLERY2/blob/main/woodlark_(Lul.png
Yarrow.png,Achillea millefolium.png,https://github.com/boobalootoo/CARDDECKDONOTEDIT/blob/main/Yarrow.png,https://github.com/boobalootoo/8BITGALLERY2/blob/main/Achillea%20millefolium.png
Yellow Archangel.png,Lamium galeobdolon.png,https://github.com/boobalootoo/CARDDECKDONOTEDIT/blob/main/Yellow%20Archangel.png,https://github.com/boobalootoo/8BITGALLERY2/blob/main/Lamium%20galeobdolon.png
Yellow Flag Iris.png,Iris pseudacorus.png,https://github.com/boobalootoo/CARDDECKDONOTEDIT/blob/main/Yellow%20Flag%20Iris.png,https://github.com/boobalootoo/8BITGALLERY2/blob/main/Iris%20pseudacorus.png
Yellow Rattle.png,Rhinanthus minor.png,https://github.com/boobalootoo/CARDDECKDONOTEDIT/blob/main/Yellow%20Rattle.png,https://github.com/boobalootoo/8BITGALLERY2/blob/main/Rhinanthus%20minor.png
Yellow Wagtail.png,yellow_wagtai.png,https://github.com/boobalootoo/CARDDECKDONOTEDIT/blob/main/Yellow%20Wagtail.png,https://github.com/boobalootoo/8BITGALLERY2/blob/main/yellow_wagtai.png
yellow-necked mouse.png,yellow-necked mouse.png,https://github.com/boobalootoo/CARDDECKDONOTEDIT/blob/main/yellow-necked%20mouse.png,https://github.com/boobalootoo/8BITGALLERY2/blob/main/yellow-necked%20mouse.png
,Bechstein’s bat.png,,https://github.com/boobalootoo/8BITGALLERY2/blob/main/Bechstein%E2%80%99s%20bat.png
,Betula pendula.png,,https://github.com/boobalootoo/8BITGALLERY2/blob/main/Betula%20pendula.png
,Brandt’s bat.png,,https://github.com/boobalootoo/8BITGALLERY2/blob/main/Brandt%E2%80%99s%20bat.png
,Devil’s_Coach_Horse_.png,,https://github.com/boobalootoo/8BITGALLERY2/blob/main/Devil%E2%80%99s_Coach_Horse_.png
,whiskered_Brandt’s bat.png,,https://github.com/boobalootoo/8BITGALLERY2/blob/main/whiskered_Brandt%E2%80%99s%20bat.png
,sorex (shrews),,https://github.com/boobalootoo/8BITGALLERY2/blob/main/sorex%20(shrews)
,Risso’s dolphin.png,,https://github.com/boobalootoo/8BITGALLERY2/blob/main/Risso%E2%80%99s%20dolphin.png
,images.js,,https://github.com/boobalootoo/8BITGALLERY2/blob/main/images.js
,Leisler’s bat.png,,https://github.com/boobalootoo/8BITGALLERY2/blob/main/Leisler%E2%80%99s%20bat.png
,Nathusius’ pipistrelle.png,,https://github.com/boobalootoo/8BITGALLERY2/blob/main/Nathusius%E2%80%99%20pipistrelle.png